country_code,year,sentiment_score
BRA,2025,-0.5309632432432433
BRA,2026,-0.6002496932515338
GBR,2025,-0.6105664864864865
GBR,2026,-0.48625398773006134
ITA,2025,-0.12968216216216216
ITA,2026,-0.3435546012269939
KOR,2025,-0.3727227027027027
KOR,2026,-0.5293024539877301
