model,overall_rmse,overall_mae,overall_accuracy
Elo-Only,2.0910121731145836,1.527900027880951,0.5325638911788954
Politics-Only,2.1539894103762367,1.5849945315471479,0.5383347073371806
Culture-Only,2.146394926029869,1.578860891527503,0.5300906842539159
Double-Poisson,2.1347304963657385,1.5867973681951273,0.5449299258037923
Bayesian-Hierarchical,2.094609329088961,1.5444045541908913,0.5655399835119538
Stacking-Ensemble,2.170423617963826,1.6198572834048186,0.6356141797197032
CONSENSUS-ORACLE,2.217948503739321,1.6168783931067146,0.638911788953009
